{
    "tables": {
        "Auths": {
            "tableName": "Auths",
            "schema": {
                "id": {
                    "allowNull": false,
                    "primaryKey": true,
                    "autoIncrement": true,
                    "field": "id",
                    "seqType": "Sequelize.INTEGER"
                },
                "user_email": {
                    "required": true,
                    "unique": true,
                    "field": "user_email",
                    "seqType": "Sequelize.STRING"
                },
                "user_password": {
                    "required": true,
                    "field": "user_password",
                    "seqType": "Sequelize.STRING"
                },
                "is_admin": {
                    "default": false,
                    "field": "is_admin",
                    "seqType": "Sequelize.BOOLEAN"
                },
                "is_deleted": {
                    "default": false,
                    "field": "is_deleted",
                    "seqType": "Sequelize.BOOLEAN"
                },
                "createdAt": {
                    "allowNull": false,
                    "field": "createdAt",
                    "seqType": "Sequelize.DATE"
                },
                "updatedAt": {
                    "allowNull": false,
                    "field": "updatedAt",
                    "seqType": "Sequelize.DATE"
                }
            },
            "indexes": []
        },
        "Blogs": {
            "tableName": "Blogs",
            "schema": {
                "id": {
                    "allowNull": false,
                    "primaryKey": true,
                    "autoIncrement": true,
                    "field": "id",
                    "seqType": "Sequelize.INTEGER"
                },
                "title": {
                    "required": true,
                    "field": "title",
                    "seqType": "Sequelize.STRING"
                },
                "description": {
                    "required": true,
                    "field": "description",
                    "seqType": "Sequelize.TEXT"
                },
                "date": {
                    "required": true,
                    "field": "date",
                    "seqType": "Sequelize.DATE"
                },
                "author": {
                    "required": true,
                    "field": "author",
                    "seqType": "Sequelize.STRING"
                },
                "is_deleted": {
                    "default": false,
                    "field": "is_deleted",
                    "seqType": "Sequelize.BOOLEAN"
                },
                "user_id": {
                    "foreignKey": true,
                    "field": "user_id",
                    "seqType": "Sequelize.INTEGER"
                },
                "createdAt": {
                    "allowNull": false,
                    "field": "createdAt",
                    "seqType": "Sequelize.DATE"
                },
                "updatedAt": {
                    "allowNull": false,
                    "field": "updatedAt",
                    "seqType": "Sequelize.DATE"
                }
            },
            "indexes": []
        },
        "Users": {
            "tableName": "Users",
            "schema": {
                "id": {
                    "allowNull": false,
                    "autoIncrement": true,
                    "primaryKey": true,
                    "field": "id",
                    "seqType": "Sequelize.INTEGER"
                },
                "first_name": {
                    "required": true,
                    "field": "first_name",
                    "seqType": "Sequelize.STRING"
                },
                "last_name": {
                    "required": true,
                    "field": "last_name",
                    "seqType": "Sequelize.STRING"
                },
                "user_name": {
                    "required": false,
                    "field": "user_name",
                    "seqType": "Sequelize.STRING"
                },
                "user_email": {
                    "required": false,
                    "unique": true,
                    "field": "user_email",
                    "seqType": "Sequelize.STRING"
                },
                "user_address": {
                    "required": true,
                    "field": "user_address",
                    "seqType": "Sequelize.STRING"
                },
                "user_city": {
                    "required": true,
                    "field": "user_city",
                    "seqType": "Sequelize.STRING"
                },
                "user_state": {
                    "required": true,
                    "field": "user_state",
                    "seqType": "Sequelize.STRING"
                },
                "user_zip": {
                    "required": true,
                    "field": "user_zip",
                    "seqType": "Sequelize.STRING"
                },
                "user_phone": {
                    "required": true,
                    "field": "user_phone",
                    "seqType": "Sequelize.STRING"
                },
                "user_mobile": {
                    "required": false,
                    "field": "user_mobile",
                    "seqType": "Sequelize.STRING"
                },
                "imagePath": {
                    "required": false,
                    "field": "imagePath",
                    "seqType": "Sequelize.STRING"
                },
                "is_deleted": {
                    "default": false,
                    "field": "is_deleted",
                    "seqType": "Sequelize.BOOLEAN"
                },
                "createdAt": {
                    "allowNull": false,
                    "field": "createdAt",
                    "seqType": "Sequelize.DATE"
                },
                "updatedAt": {
                    "allowNull": false,
                    "field": "updatedAt",
                    "seqType": "Sequelize.DATE"
                }
            },
            "indexes": []
        }
    },
    "revision": 1
}